INSERT INTO room(room_id, room_type_id, room_floor, availability)
VALUES(301, 2, 4, TRUE),
(302, 2, 4, TRUE),
(303, 2, 4, TRUE),
(304, 2, 4, FALSE),
(305, 2, 4, TRUE),
(306, 2, 4, TRUE),
(307, 2, 4, TRUE),
(308, 2, 4, TRUE),
(309, 2, 4, TRUE),
(310, 2, 4, TRUE),
(401, 3, 5, TRUE),
(402, 3, 5, FALSE),
(403, 3, 5, TRUE),
(404, 3, 5, TRUE),
(405, 3, 5, TRUE),
(406, 3, 5, TRUE),
(407, 3, 5, TRUE),
(408, 3, 5, TRUE),
(409, 3, 5, FALSE),
(410, 3, 5, TRUE);

INSERT INTO customer(first_name, last_name, email, phone)
VALUES('Paulin', 'Mayasari', 'maya87@mail.com', '0815645678'),
('Cayadi', 'Natsir', 'cayadi.natsir@mail.com', NULL),
('Mala', 'Puspita Putri', 'mala.pp@mail.com', '0811345678'),
('Laksana' , 'Najat', 'naja.real1@yaho.com', '0856999678'),
('Lala', 'Nuraini', 'lala.nuraini@mail.com', '0856999678'),
('Diah', 'Astuti', 'diah.a6@mail.com', NULL),
('Luhur', 'Saptono', 'luhur@mail.com', NULL),
('Salsabila', 'Nadya Uyainah', 'salsa.nad@mail.com', '0871345677'),
('Damar',  'Adriansyah Putra', 'damar988@mail.com', '0811311678'),
('Tirta', 'Permadi', 'tirta.permadi@mail.com', '0811345342');

INSERT INTO reservation(reservation_id, customer_id, reservation_date, start_date, end_date, total_price)
VALUES(1400110311, 15, '2017-01-01 07:00:00+03', '2017-01-07 12:00:00+03', '2017-01-10 13:00:00+03', 2130000), --3 hari, 1
(1400110312, 1,'2017-02-02 08:00:00+03' , '2017-02-14 12:00:00+03', '2017-02-15 13:00:00+03', 987000), --1 hari, 2
(1400110313, 3, '2017-03-01 12:00:00+03', '2017-03-11 12:00:00+03', '2017-03-13 13:00:00+03', 1440000), -- 2 hari, 1
(1400110314, 4, '2017-04-10 12:00:00+03', '2017-04-24 12:00:00+03', '2017-04-29 13:00:00+03', 3600000), -- 5 hari, 1
(1400020315, 5, '2017-05-21 12:00:00+03', '2017-05-22 12:00:00+03', '2017-05-24 13:00:00+03', 1974000), -- 2 hari, 2
(1400022317, 7,'2017-06-01 01:00:00+03' , '2017-06-02 12:00:00+03', '2017-06-04 13:00:00+03', 2880000), -- 2 hari, 1, 2
(1400031317, 8, '2017-07-01 06:00:00+03', '2017-07-01 12:00:00+03', '2017-07-02 13:00:00+03', 1450000), -- 1 hari, 3
(1400011917, 9, '2017-08-17 07:00:00+03', '2017-08-27 12:00:00+03', '2017-08-29 13:00:00+03', 3948000), -- 2 hari, 2, 2
(1400010317, 10, '2017-12-10 07:00:00+03', '2017-12-30 12:00:00+03', '2017-12-31 13:00:00+03', 2160000), -- 1 hari, 1, 3

(1400211911, 11, '2018-01-04 07:00:00+03', '2018-01-11 12:00:00+03', '2018-01-13 13:00:00+03', 2900000), -- 2 hari, 3
(1400221912, 1,'2018-02-09 08:00:00+03' , '2018-02-22 12:00:00+03', '2018-02-23 13:00:00+03', 987000), --1 hari, 2
(1400213913, 12, '2018-03-11 11:00:00+03', '2018-03-12 12:00:00+03', '2018-03-14 13:00:00+03', 1440000), -- 2 hari, 1
(1400211914, 4, '2018-04-17 14:00:00+03', '2018-04-28 12:00:00+03', '2018-04-29 13:00:00+03', 987000), -- 1 hari, 2
(1400211915, 13, '2018-05-01 21:00:00+03', '2018-05-20 12:00:00+03', '2018-05-22 13:00:00+03', 1974000), -- 2 hari, 2
(1400211916, 5,'2018-06-08 20:00:00+03' , '2018-06-22 12:00:00+03', '2018-06-24 13:00:00+03', 2880000), -- 2 hari, 1, 2
(1400211917, 14, '2018-07-21 03:00:00+03', '2018-07-26 12:00:00+03', '2018-07-27 13:00:00+03', 1450000), -- 1 hari, 3
(1400211928, 15, '2018-08-14 04:00:00+03', '2018-08-19 12:00:00+03', '2018-08-21 13:00:00+03', 2900000), -- 2 hari, 3
(1400211929, 2, '2018-09-01 07:00:00+03', '2018-09-09 12:00:00+03', '2018-09-11 13:00:00+03', 2880000), -- 2 hari, 1, 2
(1400211920, 7, '2018-10-12 08:00:00+03', '2018-10-15 12:00:00+03', '2018-10-16 13:00:00+03', 2160000), -- 1 hari, 1, 3
(1400211921, 9, '2018-11-22 07:00:00+03', '2018-11-30 12:00:00+03', '2018-12-01 13:00:00+03', 1450000), -- 1 hari, 3
(1400221922, 10, '2018-12-01 09:00:00+03', '2018-12-30 12:00:00+03', '2018-12-31 13:00:00+03', 2880000), -- 1 hari, 1, 4

(1400318921, 16, '2019-01-03 07:00:00+03', '2019-01-14 12:00:00+03', '2019-01-15 13:00:00+03', 987000), --1 hari, 2
(1400318922, 11,'2019-02-12 08:00:00+03' , '2019-02-14 12:00:00+03', '2019-02-15 13:00:00+03', 987000), --1 hari, 2
(1400318923, 13, '2019-03-05 12:00:00+03', '2019-03-27 12:00:00+03', '2019-03-29 13:00:00+03', 3948000), -- 2 hari, 2, 2
(1400318924, 14, '2019-04-22 12:00:00+03', '2019-04-24 12:00:00+03', '2019-04-29 13:00:00+03', 3600000), -- 5 hari, 1
(1400318925, 7, '2019-05-07 12:00:00+03', '2019-09-17 12:00:00+03', '2019-09-18 13:00:00+03', 2880000), -- 1 hari, 1, 4
(1400318926, 5,'2019-06-14 01:00:00+03' , '2019-06-25 12:00:00+03', '2019-06-26 13:00:00+03', 2880000), -- 2 hari, 1, 2
(1400318927, 2, '2019-07-03 06:00:00+03', '2019-07-05 12:00:00+03', '2019-07-06 13:00:00+03', 720000), -- 1 hari, 1
(1400318928, 10, '2019-08-13 07:00:00+03', '2019-08-27 12:00:00+03', '2019-08-30 13:00:00+03', 2160000), -- 3 hari, 1
(1400318929, 8, '2019-09-20 07:00:00+03', '2019-09-30 12:00:00+03', '2019-10-01 13:00:00+03', 1974000), -- 2 hari, 2
(1400318930, 12, '2019-10-19 07:00:00+03', '2019-10-30 12:00:00+03', '2019-10-31 13:00:00+03', 2160000), -- 1 hari, 1, 3
(1400318931, 2, '2019-11-01 07:00:00+03', '2019-11-18 12:00:00+03', '2019-11-19 13:00:00+03', 987000), -- 1 hari, 2
(1400318932, 16, '2019-12-02 07:00:00+03', '2019-12-29 12:00:00+03', '2019-12-31 13:00:00+03', 1440000); -- 2 hari, 1


INSERT INTO payment(payment_id, reservation_id, provider, account_number, payment_status, payment_date, expire_date)
VALUES(290707, 1400110311, 'BNI', '09085567', 'Success', '2017-01-01 09:00:00+03', '2017-01-02 12:00:00+03'),
(290701, 1400110312, 'BNI', '09085567', 'Failed',NULL , '2017-02-03 08:00:00+03'),
(290702, 1400110313, 'BRI', '13309011567', 'Success', '2017-03-01 13:00:00+03', '2017-03-02 12:00:00+03'),
(290703, 1400110314, 'BRI', '13309011567', 'Success', '2017-04-10 12:09:00+03', '2017-04-11 12:00:00+03'),
(290704, 1400020315, 'BRI', '13309011567', 'Success', '2017-05-21 13:00:00+03', '2017-05-22 12:00:00+03'),
(290705, 1400022317, 'BCA', '110090566', 'Success', '2017-06-01 02:00:00+03', '2017-06-02 01:00:00+03'),
(290706, 1400031317, 'BCA', '110090566', 'Failed', NULL, '2017-07-02 06:00:00+03'),
(290709, 1400011917, 'BCA', '110090566', 'Success', '2017-08-17 07:30:00+03', '2017-08-18 07:00:00+03'),
(290708, 1400010317, 'BCA', '110090566', 'Success', '2017-12-10 09:00:00+03', '2017-12-11 07:00:00+03'),

(290811, 1400211911, 'BNI', '09085567', 'Success', '2018-01-04 08:00:00+03', '2018-01-05 07:00:00+03'),
(290812, 1400221912, 'BNI', '09085567', 'Success', '2018-02-09 09:00:00+03' , '2018-02-10 08:00:00+03'),
(290813, 1400213913, 'BRI', '13309011567', 'Success', '2018-03-11 12:00:00+033', '2018-03-12 11:00:00+03'),
(290814, 1400211914, 'BRI', '13309011567', 'Success', '2018-04-17 15:00:00+03', '2018-04-18 14:00:00+03'),
(290815, 1400211915, 'BRI', '13309011567', 'Success', '2018-05-01 21:30:00+03', '2018-05-02 21:00:00+03'),
(290816, 1400211916, 'BCA', '110090566', 'Success', '2018-06-08 20:10:00+03', '2018-06-09 20:00:00+03'),
(290817, 1400211917, 'BCA', '110090566', 'Success', '2018-07-21 03:11:00+03', '2018-07-22 03:00:00+03'),
(290818, 1400211928, 'BCA', '110090566', 'Success', '2018-08-14 04:20:00+03', '2018-08-15 07:00:00+03'),
(290819, 1400211929, 'BCA', '110090566', 'Success', '2018-09-01 07:30:00+03', '2018-09-02 07:00:00+03'),
(290822, 1400211920, 'BCA', '110090566', 'Failed', NULL, '2018-10-13 08:00:00+03'),
(290821, 1400211921, 'BCA', '110090566', 'Success', '2018-11-22 07:10:00+03', '2018-11-23 07:00:00+03'),
(290823, 1400221922, 'BCA', '110090566', 'Success', '2018-12-01 09:40:00+03', '2018-12-02 09:00:00+03'),

(290831, 1400318921, 'BNI', '09085567', 'Success', '2019-01-03 07:20:00+03', '2019-01-04 07:00:00+03'),
(290832, 1400318922, 'BNI', '09085567', 'Success', '2019-02-12 09:00:00+03' , '2019-02-13 08:00:00+03'),
(290833, 1400318923, 'BRI', '13309011567', 'Success', '2019-03-05 16:00:00+03', '2019-03-06 12:00:00+03'),
(290834, 1400318924, 'BRI', '13309011567', 'Success', '2019-04-22 12:10:00+03', '2019-04-23 12:00:00+03'),
(290835, 1400318925, 'BRI', '13309011567', 'Success', '2019-05-07 12:30:00+03', '2019-05-08 12:00:00+03'),
(290836, 1400318926, 'BCA', '110090566', 'Success', '2019-06-14 01:20:00+03', '2019-06-15 01:00:00+03'),
(290837, 1400318927, 'BCA', '110090566', 'Success', '2019-07-03 06:40:00+03', '2019-07-04 06:00:00+03'),
(290838, 1400318928, 'BCA', '110090566', 'Success', '2019-08-13 08:00:00+03', '2019-08-14 07:00:00+03'),
(290839, 1400318929, 'BCA', '110090566', 'Success', '2019-09-20 07:50:00+03', '2019-09-21 07:00:00+03'),
(290840, 1400318930, 'BCA', '110090566', 'Success', '2019-10-19 09:00:00+03', '2019-10-20 07:00:00+03'),
(290841, 1400318931, 'BCA', '110090566', 'Failed', NULL, '2019-11-02 07:00:00+03'),
(290842, 1400318932, 'BCA', '110090566', 'Success', '2019-12-02 08:10:00+03', '2019-12-03 07:00:00+03');